control_mean,treatment_mean,absolute_lift,relative_lift_%,ci_lower_%,ci_upper_%,p_value,cohens_d,is_significant,recommendation
3972.663250725213,4211.2259643005145,238.5627135753016,6.005107871444975,1.8728349346780573,10.340104003408022,0.0039507949330262115,0.023784713438270055,True,ROLLOUT
