segment,lift_%,p_value,significant
0,9.660960149580923,0.025372116344417737,True
1,14.570114457008604,0.02631214635134887,True
2,4.772745628363393,0.046885782053240885,True
